Link Name,Center of Mass X,Center of Mass Y,Center of Mass Z,Center of Mass Roll,Center of Mass Pitch,Center of Mass Yaw,Mass,Moment Ixx,Moment Ixy,Moment Ixz,Moment Iyy,Moment Iyz,Moment Izz,Visual X,Visual Y,Visual Z,Visual Roll,Visual Pitch,Visual Yaw,Mesh Filename,Color Red,Color Green,Color Blue,Color Alpha,Collision X,Collision Y,Collision Z,Collision Roll,Collision Pitch,Collision Yaw,Collision Mesh Filename,Material Name,SW Components,Coordinate System,Axis Name,Joint Name,Joint Type,Joint Origin X,Joint Origin Y,Joint Origin Z,Joint Origin Roll,Joint Origin Pitch,Joint Origin Yaw,Parent,Joint Axis X,Joint Axis Y,Joint Axis Z,Limit Effort,Limit Velocity,Limit Lower,Limit Upper,Calibration rising,Calibration falling,Dynamics Damping,Dynamics Friction,Safety Soft Upper,Safety Soft Lower,Safety K Position,Safety K Velocity
base_link,-1.46281579876205E-07,0.0128230006476748,0.0715071798642293,0,0,0,14.7858217036274,0.083253823206833,-1.10273655415229E-06,1.44059668835176E-07,0.0654886849078772,-0.00182614820964773,0.0903948599387125,0,0,0,0,0,0,package://kuka_cobot/meshes/base_link.STL,0.898039215686275,0.917647058823529,0.929411764705882,1,0,0,0,0,0,0,package://kuka_cobot/meshes/base_link.STL,,Copy of base^cobot_kuka_urdf_exploded view-1,origin_gazebo,,,,0,0,0,0,0,0,,0,0,0,,,,,,,,,,,,
line_1,-0.033689399966445,-0.00266346732872089,0.127402292490973,0,0,0,11.0932924365747,0.0898359819369428,6.17412228232288E-05,0.0132577719540531,0.0890567886017117,0.00104801513603172,0.0332814762684346,0,0,0,0,0,0,package://kuka_cobot/meshes/line_1.STL,0.898039215686275,0.917647058823529,0.929411764705882,1,0,0,0,0,0,0,package://kuka_cobot/meshes/line_1.STL,,Copy of link1^cobot_kuka_urdf_exploded view-1,frame0_base_l1,Z_0_axis,Z_0_revolute,revolute,0,0,0.1525,0,0,0,base_link,0,0,-1,0,0,-2.9671,2.9671,,,,,,,,
link_2,-0.00406828748047523,-0.0588029007572251,0.0468092006037825,0,0,0,10.6697051613072,0.0826237628873596,0.000489148059016466,-0.000138006295997115,0.0297524444212204,-0.0131956126071644,0.0821072907883483,0,0,0,0,0,0,package://kuka_cobot/meshes/link_2.STL,0.898039215686275,0.917647058823529,0.929411764705882,1,0,0,0,0,0,0,package://kuka_cobot/meshes/link_2.STL,,Copy of link2^cobot_kuka_urdf_exploded view-2,frame1_l1_l2,Z_1_axis,Z_1_revolute,revolute,-0.0049844,-0.00039431,0.2075,-1.5708,0,-1.5708,line_1,0.078862,0,-0.99689,0,0,-2.0944,2.0944,,,,,,,,
link_3,0.00679192449351768,-0.0287727232306964,0.126502123311106,0,0,0,8.57264540626261,0.0675297676413445,0.000767280661078068,-0.00302270844971984,0.0644600778950582,0.0128062515251522,0.02054163181698,0,0,0,0,0,0,package://kuka_cobot/meshes/link_3.STL,0.898039215686275,0.917647058823529,0.929411764705882,1,0,0,0,0,0,0,package://kuka_cobot/meshes/link_3.STL,,Copy of link3^cobot_kuka_urdf_exploded view-2,frame2_l2_l3,Z_2_axis,Z_2_revolute,revolute,-0.0021825,-0.20449,0.004843,1.5715,0,-0.0087445,link_2,0,0,1,0,0,-2.9671,2.9671,,,,,,,,
link_4,-0.00026935909425943,-0.0674184882533558,0.039764279384763,0,0,0,7.39655808087755,0.0464504659758544,-0.000118877720727094,-3.04454570718559E-05,0.0165736632956136,-0.00768829019927591,0.04426647958519,0,0,0,0,0,0,package://kuka_cobot/meshes/link_4.STL,0.898039215686275,0.917647058823529,0.929411764705882,1,0,0,0,0,0,0,package://kuka_cobot/meshes/link_4.STL,,Copy of link4^cobot_kuka_urdf_exploded view-2,frame_3_l3_l4,Z_3_axis,Z_3_revolute,revolute,0.0012637,-0.0053529,0.2155,-1.5708,0.0089849,0.23183,link_3,0,0,1,0,0,-2.0944,2.0944,,,,,,,,
link_5,0.00245219856479355,-0.0212494963297206,0.080473686089432,0,0,0,4.57256014011713,0.0271568636147596,0.000447819812546786,-0.00100482893812673,0.0235492298540055,0.00828273327878463,0.0120653009179282,0,0,0,0,0,0,package://kuka_cobot/meshes/link_5.STL,0.898039215686275,0.917647058823529,0.929411764705882,1,0,0,0,0,0,0,package://kuka_cobot/meshes/link_5.STL,,Copy of link5^cobot_kuka_urdf_exploded view-1,frame4_l4_l5,Z_4_axis,Z_4_revolute,revolute,-0.00071201,-0.1795,0.0055,1.5708,0.23183,-0.0039666,link_4,0,0,1,0,0,-2.9671,2.9671,,,,,,,,
link_6,4.90861720503369E-05,-0.000568153420587247,0.0660460728255011,0,0,0,4.88212485224182,0.0131869425672044,0.000295821168272568,5.56817999253614E-05,0.00965026646185786,-0.000657045170192021,0.0126496506974962,0,0,0,0,0,0,package://kuka_cobot/meshes/link_6.STL,0.898039215686275,0.917647058823529,0.929411764705882,1,0,0,0,0,0,0,package://kuka_cobot/meshes/link_6.STL,,Copy of link6^cobot_kuka_urdf_exploded view-1,frame5_l5_l6,Z_5_axis,Z_5_revolute,revolute,0.0078976,-0.065224,0.2205,-1.5708,0.0038887,0.1205,link_5,0,0,1,0,0,-2.0944,2.0944,,,,,,,,
link_7,6.87271615760765E-05,3.54003078236187E-05,0.0222335130745259,0,0,0,0.309594319536482,0.000219100371278997,1.0383338159408E-06,-2.11982362396155E-07,0.000219938685540037,-1.2409471750645E-07,0.000338039902525187,0,0,0,0,0,0,package://kuka_cobot/meshes/link_7.STL,0.792156862745098,0.819607843137255,0.933333333333333,1,0,0,0,0,0,0,package://kuka_cobot/meshes/link_7.STL,,Copy of fixture^cobot_kuka_urdf_exploded view-1,frame6_l6_l7,Z_6_axis,Z_6_revolute,revolute,0.0062851,-0.07574,0.0657,1.5708,0.12001,0.082793,link_6,0,0,1,0,0,-3.0543,3.0543,,,,,,,,
